sample_id,method_name,L1,L2,L3,L4,L5,L6,L7,L8,L9
1,RangeDateSelector.synchUI,5,4,1,3,9,2,8,6,7
10,StaticTypeCheckingVisitor.checkOrMarkPrivateAccess,9,8,5,7,6,3,1,4,2
22,Sql.inout,9,3,2,5,6,4,8,1,7
25,JavacParser.enumeratorDeclaration,9,6.5,3,4,5,1,6.5,8,2
30,CoronaJobHistory.logInited,5,2,6,4,8,3,7,1,9
47,S3URI.getChild,9,4,3,1,5,2,8,7,6
83,RingbufferService.getOrCreateContainer,7,5,4,6,9,1,8,3,2
105,SaturationChecker.couldMatchAtomType,9,7,1,4,3,5,2,8,6
122,CmsSecurityManager.readOwner,8,7,3.5,6,1.5,1.5,9,3.5,5
149,OptionsSpiderPanel.getHandleODataSpecificParameters,9,1,7,5,6,2,8,4,3
183,SiteMap.handleEvent,9,5.5,7,5.5,8,4,1,2,3
190,AbstractMapWritable.write,9,4,1,2,7,3,5,6,8
210,UPropertyAliases.getPropertyName,6,4,5,2,7,1,8,9,3
219,TagletManager.initCustomTaglets,9,6,7,2,3,1,4,8,5
224,ByteVector.getBytes,9,7,6,5,4,1,8,3,2
225,MAMatrix.dot,9,8,5,7,6,3,4,1,2
227,LabelAwareUimaSentenceIterator.currentLabel,9,4.5,3,1,6,4.5,8,2,7
238,CmsFileExplorer.onClickNew,9,5,8,7,4,2,3,6,1
255,NormalizedKeySorter.readPointer,7,6,2,5,8,1,9,4,3
259,CmsEntityBackend.createFromNativeWrapper,8,2,4,5,9,1,6,3,7
260,DataSet.leftOuterJoin,4,5,3,2,8,1,9,7,6
266,CmsXmlGroupContainer.fillResource,7,1,3,2,8,6,9,4,5
278,UtilOpenKinect.bufferRgbToMsU8,4,2,3,1,8,5,9,7,6
287,NoFetchingInput.require,9,4,5,3,8,2,6,7,1
288,ForkJoinPool.tryCompensate,9,8,3,7,6,2,1,5,4
344,CmsLockManager.internalSiblingLock,9,2,3,1,4,8,6,5,7
346,HttpMethodBase.getURI,9,6,1,7,5,8,2,4,3
359,GridGenerator.getCoordinatesFromGridPoint,5.5,1,5.5,8,4,7,9,3,2
367,UTF16.valueOf,9,4,6,5,8,7,2.5,1,2.5
369,InMemoryCookieStore.addIndex,9,2,1,6,3,4,8,7,5
405,GridHorizCoordSys.addGDSparams,9,8,5,7,4,3,2,6,1
414,CmsBasicDialog.createResourceListPanelDirectly,8.5,3,1,2,7,6,8.5,4,5
418,DFSUtil.getInfoServer,9,7,8,6,3,5,3,3,1
434,CmsResourceFilter.addRequireState,9,7,5,3,8,4,1,6,2
443,CmsToolManager.getParent,4,3,2,5,6,7,8,1,9
447,ModulusSubstitution.doSubstitution,9,3.5,2,6,5,7,8,1,3.5
453,CanonicalLabeler.isInvPart,9,3,5,1,7,2,6,8,4
465,DoradeSWIB.getAzimuths,9,7,4,1,5,3,6,2,8
472,CDKRGraph.parseRec,9,8,2,4,6,1,3,7,5
483,MapStoreWrapper.loadAllKeys,9,3,2,1,7,4,8,5,6
486,DefaultGroovyMethods.split,7,3,2,1,4,6,9,8,5
503,SerializerBase.addXSLAttribute,9,7,5,8,6,4,2,1,3
504,ExampleAssociatePoints.associate,9,6,2,4,8,5,1,7,3
528,HttpSessionsSite.createEmptySessionAndSetAsActive,8.5,6.5,5,2,8.5,1,6.5,3,4
529,FractionalCSP3Descriptor.calculate,9,6,3,1,7,2,8,5,4
540,CardinalityEstimatorContainerCollector.onIteration,9,5,4,3,7,2,6,1,8
550,Infer.instantiateMethod,9,8,7,4,1,5,3,2,6
553,RGroupQuery.findDistributions,4,1,3,2,6,9,7.5,5,7.5
558,AbstractCompletableFuture.get,9,7,5,6,8,4,2,1,3
562,BindPath.updatePath,8,5,2,4,9,7,6,3,1
564,CmsLanguageCopyFolderAndLanguageSelectDialog.initDialogObject,9,2,1,5,3,6,8,7,4
565,Gen.makeTemp,6,3,4,5,8,1,7,9,2
566,FileCopier.internalCopyFile,8,5,3,2,4,1,7,6,9
567,ListParameterization.serialize,8,1,2,5,4,3,7,6,9
584,AbstractAppParamPlugin.isToExclude,9,8,7,6,5,3,2,4,1
585,InvocationWriter.castToNonPrimitiveIfNecessary,9,4,5,7,1,2,6,3,8
586,FilterExprWalker.acceptNode,9,2,3,1,5,8,6,4,7
598,PackageWriterImpl.getPackageHeader,9,1.5,3,1.5,8,6,4,6,6
609,FeatureCollectionReader.getConfigFromSnippet,9,8,3,4,7,6,2,5,1
621,SocketClientSink.open,9,3,1,2,8,7,4.5,6,4.5
623,ActiveEntity.update,9,3,8,4,5,7,1,2,6
627,StopButton.startProgressMonitorTask,8,5,6,3,9,7,2,1,4
628,RowTypeInfo.projectFields,6,1,2,3,9,7,8,5,4
642,InvDatasetImpl.removeLocalMetadata,8,7,2,6,4,3,9,1,5
648,AddOn.canLoadInVersion,9,8,6,3,4,1,7,2,5
655,Assignments.computeSecondCover,9,5,3,2,8,4,6,7,1
672,AdminDebugController.showDebugPage,9,3,7.5,7.5,5.5,5.5,2,4,1
704,FileUtil.copyFile,4,9,2,5.5,5.5,8,1,3,7
713,BoxImageTransform.doTransform,9,4.5,1,2,8,4.5,3,7,6
715,AbstractDoclet.startDoclet,9,7,6,4.5,8,1,2,3,4.5
718,Partition.addToCell,8,4,3,2,5,1,7,6,9
721,Sign.setCertificate,9,8,5,3,4,1,6,2,7
729,VdWRadiusDescriptor.calculate,9,5,3,1,8,2,7,6,4
739,MigrationManager.scheduleActiveMigrationFinalization,9,8,7,6,3,1,5,4,2
755,SquareRegularClustersIntoGrids.pickNot,7,2,3,1,6,5,4,8,9
766,PrettyMarkers.plotGray,7,4,1,3,8,6,5,9,2
768,FilteredConvexHull2D.checkCandidateUpdate,9,3,1,6,4,7,2,8,5
779,ExtensionScript.loadScript,6,2,1,4,7,3,5,8,9
793,HashUtil.intHash,9,4,2,3,1,7,8,5,6
802,SDUInt32.serialize,8.5,6,4,1,7,2.5,5,2.5,8.5
803,SummaryAndConfigPanel.setSummaryContent,9,1,3,2,6.5,6.5,4,5,8
807,MemoryLogger.getMemoryUsageStatsAsString,4,3,1,2,5,7,9,8,6
808,NNLatencyBenchmark.tearDown,7,1,3,2,8,5,9,4,6
819,QrCodeGenerator.renderData,9,5,3,3,7,3,8,6,1
834,TldDetection.detectionCascade,9,8,5,1,7,3,6,4,2
835,DocumentParameters.sorted,1.5,1.5,3,4,9,5,7,6,8
849,DataDescriptor.transferInfo,9,1,3,4,8,2,6,7,5
863,LocatedBlocks.binarySearchBlockStartOffsets,5,1,2,3,9,6.5,8,6.5,4
876,RaftNodeImpl.canReplicateNewEntry,9,1,8,3,4,2,6,7,5
877,SMARTSQueryTool.matches,9,5,4,7.5,6,2,3,7.5,1
905,TryWithResourcesASTTransformation.transform,9,5,2,1,6,4,7,3,8
907,SweepHullDelaunay2D.flipTriangle,9,5,2,4,7,3,1,8,6
919,ImgUtil.toBase64,8,7,6,9,5,3,4,1,2
922,SlotManager.unregisterSlotRequest,9,2,1,3,8,4,5,7,6
929,Condition.buildValuePartForIN,4.5,6,2,3,9,4.5,8,7,1
942,XPathContext.popRTFContext,6,4,1,5,9,3,2,8,7
962,StreamGraphGenerator.generateInternal,5,3,1,2,6,4,7.5,9,7.5
993,ChemicalFilters.convertOrder,9,6,4,2,3,8,5,1,7
1001,OnDiskArray.resizeFile,9,2,4,5,7,3,8,6,1
1003,DDS.search,5,3,2,1,6,4,9,8,7
1007,LUDecomposition.getU,9,6.5,4,8,1,6.5,5,2,3
1012,CmsSerialDateValue.readOptionalArray,4,3,2,1,6,5,7,8,9
1014,LossLayer.fit,9,2,4,3,8,6,5,1,7
1022,RepairingTask.initRepairingHandlerAsync,9,7,1,4,3,5,6,8,2
1030,MapOutputFile.removeAll,9,5,1.5,1.5,8,4,3,6.5,6.5
1065,Java2DFrameConverter.getFrame,4,5,1,6,8,3,9,7,2
1080,DocEnv.printWarning,9,1,2,8,6,3,4,7,5
1086,BondTools.isValidDoubleBondConfiguration,8,5,1,2,9,3,7,6,4
1105,Segments.getTotalClusterCount,2,4,3,1,6.5,5,9,6.5,8
1110,ProxyServer.startServer,8,6.5,5,6.5,4,2,9,3,1
1129,DicLibrary.gets,8,9,3.5,5,1,6,2,3.5,7
1130,DefaultTableModel.addColumn,8,1,2,9,6,7,4,5,3
1139,ProxyThread.notifyPersistentConnectionListener,8.5,5,2.5,2.5,6,4,1,8.5,7
1140,MemberSummaryBuilder.members,8,3,1,2,9,5,6,7,4
1169,LogGammaDistribution.logpdf,9,7.5,3,4,6,5,7.5,2,1
1170,InternalTimerServiceImpl.restoreTimersForKeyGroup,9,6,5,4,8,7,3,1,2
1176,EventPublisherHelper.publishCacheWideEvent,5,1,4,3,9,7,6,8,2
1178,GridCoordSys.findCoordinateTransform,9,4,3,1,8,2,6,5,7
1183,MStress_Client.readDFSPaths,9,6,1.5,5,8,3,4,7,1.5
1199,Integer.getInteger,4,5,2,3,6,1,8,7,9
1211,HttpMethodBase.addUserAgentRequestHeader,9,8,4,1,6,5,7,2,3
1214,MethodWriterImpl.getMethodDetailsTreeHeader,9,1,4,3,8,7,2,6,5
1259,CmsDateBox.setFormValueAsString,8,1,3,6.5,4,2,9,5,6.5
1263,RingbufferContainer.convertToData,6,1,2,7,4,8,5,3,9
1287,ConnectTableDescriptor.withSchema,9,3,1,4,7,2,8,5,6
1288,Tailer.start,9,8,6,2,7,1,3,4.5,4.5
1303,NumberUtil.toUnsignedByteArray,9,6,3,2,4,7,8,1,5
1305,SphereUtil.sphericalVincentyFormulaRad,1.5,1.5,5,3.5,9,3.5,6,7,8
1307,AbstractStaticHistogram.growSize,9,3.5,1,2,6,3.5,7,8,5
1308,DatasetUrl.searchPath,4,1,2.5,2.5,5,6,7,8,9
1326,Index.toStringDebug,9,7,8,2,6,5,4,1,3
1329,HttpSession.setTokenValue,6,2.5,1,5,9,2.5,8,7,4
1336,ChemicalFilters.convertBondStereo,2,1,5,3,4,9,7,6,8
1345,InternalLocaleBuilder.setLanguageTag,9,4.5,3,1,4.5,2,6,8,7
1349,CertificateIssuerExtension.get,4,2,3,1,6,5,9,8,7
1350,PoolSchedulable.snapshotConfig,9,8,3,4,6,2,7,1,5
1359,LocalMapStatsUtil.incrementOtherOperationsCount,9,5,3,8,4,6,7,2,1
1374,RocksDBOperationUtils.createColumnFamilyDescriptor,6,4,3,2,5,1,9,7.5,7.5
1378,ResourceProfile.isMatching,7.5,3,4,1,7.5,2,5,9,6
1394,CmsLogFileApp.addChannelButton,8,5,1,7,3,2,4,9,6
1405,CmsSecurityManager.readParentFolder,7,9,8,2,6,4,4,4,1
1407,VisibleMemberMap.getInheritedPackagePrivateMethods,7.5,2,3,1,9,4,6,7.5,5
1424,EvaluateVarianceRatioCriteria.evaluateClustering,9,7,6,5,8,2,4,1,3
1425,DateIntervalFormat.fieldExistsInSkeleton,9,6,1,4,8,3,7,2,5
1440,CmsADECache.uncacheGroupContainer,7.5,5,4,3,1,7.5,9,6,2
1443,CmsSitemapDNDController.handleDropSitemapEntry,9,8,7,3,4,5,6,1,2
1453,GridVariable.findRecord,7,5,6,4,9,1,8,2.5,2.5
1455,OptionsCheckForUpdatesPanel.getPanelMisc,9,5,4,1,6,2,8,7,3
1457,NestedMapsStateTable.countMappingsInKeyGroup,4,3,1,2,6,8,5,7,9
1476,Config.setQueueConfigs,9,3.5,5,3.5,8,7,2,6,1
1478,JavacParser.foldStrings,9,3.5,3.5,5,6,1,2,7,8
1501,ScanProgressItem.refresh,9,2,3,4,5,1,6,8,7
1538,ZapToggleButton.updateCurrentToolTipText,9,4,2,7,8,5.5,3,1,5.5
1549,DescriptorValue.getNames,9,4,2,5.5,5.5,3,8,7,1
1576,BytecodeInterface8.cArrayGet,7,8,6,4,5,2,9,1,3
1579,ClusterOrder.order,6,1,7,2.5,4,5,9,2.5,8
1583,PatriciaTrie.clear,9,7,3,8,5,4,2,6,1
1620,IndexBuilder.putMembersInIndexMap,9,6,5,3.5,7,1,8,2,3.5
1623,ServletUtil.getClientIP,8.5,6,7,4.5,8.5,4.5,1,3,2
1630,NioGroovyMethods.eachFileMatch,6.5,8,2,5,6.5,3.5,9,3.5,1
1632,MetaClassImpl.chooseMethod,9,5,6,2,4,3,8,7,1
1642,Resolve.findMemberType,9,4.5,1,3,7,2,6,8,4.5
1645,Mol2Reader.readMolecule,9,6,7,8,4,1,5,2,3
1648,FlinkYarnSessionCli.repStep,9,1,3,4,7,6,8,2,5
1649,RangeMassDecomposer.calcERT,9,1,5,3,4,6,8,2,7
1651,MapAllStringsExceptListTransform.map,9,2,3,1,5,7,6,4,8
1655,CoverageCoordAxis1D.subsetBuilder,9,4,8,1,7,2.5,6,5,2.5
1659,MetaClassImpl.addMetaMethod,8,6,5,4,9,3,2,7,1
1667,URLResolver.resolveUrl,4,5,1,2,7,8,9,6,3
1683,UpdatableHeap.heapifyUp,9,5,6,3,8,2,1,4,7
1686,DicLibrary.put,9,1,4,2,8,6,5,7,3
1715,NioServer.doListen,9,7,6,5,8,3,4,2,1
1728,MutableHashTable.spillPartition,9,5,8,6,4,3,1,7,2
1731,ParosTableAlert.deleteAlert,5,3,4,1,9,2,7,6,8
1732,ConfusionMatrix.getActualTotal,8.5,5,2,6,8.5,1,4,7,3
1738,IOGroovyMethods.writeLine,7,1,2.5,2.5,4,8,9,5,6
1746,HttpServer.getFilterInitializers,9,6,2,8,7,5,3.5,3.5,1
1759,BuildState.calculateDependents,9,6,3,2,8,4,6,1,6
1787,CoverageRenderer.setCoverage,9,1,4,2,8,3,5,6,7
1791,FloatColumnsMathOpTransform.map,9,3,4,1,8,5,6,2,7
1792,INode.getPathNames,6,4,2,1,9,3,7.5,7.5,5
1820,VMath.timesTranspose,6.5,5,1,8,4,6.5,2,9,3
1823,SNE.optimizeSNE,9,8,2.5,4.5,6,4.5,2.5,1,7
1826,HybridSigmaPressure.getCoordinateArray1D,9,8,5,3,6,7,2,4,1
1830,CmsColorPicker.setFormValue,8,4,5,1,6,3,7,9,2
1855,FactoryFiducialCalibration.circleRegularGrid,8,4,2,5,6,1,9,7,3
1874,NodeSet.setCurrentPos,8,9,5,4,1.5,6,7,1.5,3
1875,AverageClusteringCoefficient.run,9,6,7.5,7.5,5,3,4,2,1
1880,DTMManagerDefault.getDTMIdentity,8,3,2,6,7,1,9,5,4
1886,SequenceBatchCSVRecord.fromWritables,8,9,3.5,5.5,7,3.5,5.5,1,2
1890,CmsContainerpageController.getRelatedElementIds,9,1,2,3,6,8,7,4,5
1891,AvroSerializer.readObject,8,8,1,4,8,5,6,2.5,2.5
1931,CarbonTypesDescriptor.calculate,7,1,4,3,9,5,8,6,2
1935,DescribePointSift.setImageGradient,3,2,4,1,8,5,9,7,6
1944,FactoryBuilderSupport.resolveFactory,8,7,2,1,9,3,6,5,4
1957,MapContainer.initEvictor,9,4,7,6,8,1,5,3,2
1969,DemoThreeViewStereoApp.scaleBuffered,8,2,3,1,7,9,5,4,6
1974,MemoryHandler.publish,9,5,2,7,8,4,1,6,3
1982,CmsCategoryTree.getSortList,9,8,2,6,5,3,4,7,1
1989,AbstractDependenceMeasure.ranks,8,4,3,1,5,6,2,9,7
1991,ClientStateListener.awaitConnected,8,6,5,7,3,4,2,1,9
1997,EventServiceImpl.executeLocal,9,5,4,3,7,8,6,1,2
2000,AvroSerializerSnapshot.resolveSchemaCompatibility,4.5,3,2,7,9,1,8,4.5,6
2014,WriterCFPointDataset.writePointFeatureCollection,9,8,1,6,2,4.5,4.5,7,3
2018,CoalescingDelayedTrigger.executeWithDelay,9,5,4,1,8,3,7,2,6
2083,GoAPIGenerator.createDirAndFile,3.5,3.5,5,2,9,7,6,1,8
2098,NumberVectorRandomFeatureSelectionFilter.initializeRandomAttributes,9,5,6,4,7,2,8,3,1
2115,UIUtils.formatDuration,7,6,3,5,9,8,2,4,1
2122,KerasModelBuilder.buildSequential,8,3,1,2,9,4,6,5,7
2135,MapUtil.toListMap,7,2,4,1,5,6,8,3,9
2150,JavacState.load,9,2.5,4,6,8,7,5,2.5,1
2154,DateIntervalInfo.parseSkeleton,9,2,5,1,8,4,3,7,6
2166,ApiUtils.getContextByParamId,9,2,5,1,8,6,3,7,4
2204,GridDatasetInv.getVertCoordinate,9,8,1,7,5.5,5.5,3,4,2
2222,HttpConnection.setMethod,9,6,1,4,3,2,5,7,8
2230,GammaDistribution.regularizedGammaQ,9,5,4,3,8,7,6,2,1
2231,IOUtils.readFileChannelFully,9,7.5,5,3,7.5,6,3,1,3
2236,WeightedEvictableList.voteFor,7.5,5.5,1,2,9,3,7.5,4,5.5
2241,QuorumCall.checkAssertionErrors,7,1,3,2,9,6,5,4,8
2255,OrderedStreamElementQueue.addEntry,9,3,6.5,4,8,1,2,5,6.5
2263,CmsJspTagContainer.printElementWrapperTagStart,9,5,3,1,8,2,6,4,7
2283,ParameterTabPanel.reportErrors,6.5,3,2,1,6.5,4,5,9,8
2299,NamespaceBuilderSupport.invokeMethod,9,8,4,3,6,1,7,5,2
2313,Control.closeSessionAndCreateAndOpenUntitledDb,4,6,4,1,8,8,2,4,8
2317,QueryableEntry.getConverter,9,2,4,1,7,3,6,5,8
2327,AbstractParamContainerPanel.removeParamPanel,9,4,6.5,1,5,3,6.5,2,8
2332,ReactionSchemeManipulator.getAllAtomContainers,9,8,5,4,7,2,3,1,6
2334,CheckpointCoordinator.triggerSynchronousSavepoint,3,4,1,2,6,5,9,7,8
2337,PackageIndexFrameWriter.addNavigationBarFooter,9,6,4.5,1,2.5,2.5,4.5,8,7
2352,SingleInputUdfOperator.withForwardedFields,6,5,2,3,9,1,8,7,4
2359,CmsPublishList.internalReadUUIDList,4,1,2,5,3,6,7,8.5,8.5
2376,Configuration.banDevice,9,2,5,4,8,7,3,6,1
2390,ScanProgressItem.getProgressPercentage,9,5.5,5.5,7,1,2.5,2.5,8,4
2409,TreeInfo.symbol,9,1,4,3,5,2,7,8,6
2426,JumboCyclicVertexSearch.fused,3,2,1,7,4,5,9,6,8
2431,Resolve.findImmediateMemberType,7.5,3,4,5.5,7.5,1,9,2,5.5
2437,GeometryUtil.translate2DCenterTo,7,5,3.5,6,2,8,1,3.5,9
2439,API.convertViewActionApiResponse,9,6,4,5,8,3,7,1,2
2449,StringUtils.concatenateWithAnd,9,7,1.5,8,6,3.5,5,1.5,3.5
2455,MutableBigInteger.divideLongMagnitude,8,9,2,4.5,6,7,3,4.5,1
2458,SVGPlot.saveAsPNG,5,1,3,2,9,4,7,8,6
2459,EnhancementsImpl.getDescription,9,2,1,4,7,3,8,5,6
2460,Messages.createMessage,9,1,5,2,4,3,6,8,7
2469,Kafka.startFromSpecificOffset,9,7,3,8,5,1.5,1.5,6,4
2496,GeometryTools.has3DCoordinates,9,7,4,3,6,2,8,5,1
2528,NetworkEnvironmentConfiguration.checkNewNetworkConfig,9,3,2,5,7,6,8,4,1
2531,SpiderThread.addSeeds,9,1,8,2,5,4,6,7,3
2535,DBIDUtil.symmetricIntersection,9,8,6,5,2,7,4,3,1
2542,CmsCmisUtil.checkAddProperty,3.5,8,6,3.5,5,2,7,1,9
2547,CmsContentService.getSessionCache,4,2,1,3,9,7,6,5,8
2578,Field.formatDouble,9,3,8,2,5.5,5.5,4,1,7
2606,ConfigUtils.getConfig,9,5,6,3,8,1,7,4,2
2614,URLnaming.canonicalizeWrite,9,6,5,2,3.5,7,8,1,3.5
2629,AbstractMetricsContext.getAllRecords,5,3,1.5,4,9,1.5,8,7,6
2651,FSNamesystem.registerMBean,9,8,6,4,7,3,1.5,1.5,5
2652,SDBaseOps.gather,8,9,1,2,3,5,4,7,6
2670,InMemoryIDistanceIndex.binarySearch,3,1,5,2,7,6,9,4,8
2679,Broadcast.rsub,7,9,5,4,8,6,1,2.5,2.5
2687,I18N.setLocale,9,3,1.5,1.5,8,7,5,6,4
2688,VariableScopeVisitor.visitBlockStatement,8,3,9,1,7,4,6,2,5
2706,ArgumentAttr.processArg,9,8,3,5,6.5,1,6.5,4,2
2718,Messages.get,7,4,5,1,8,2.5,6,2.5,9
2724,EvaluationCalibration.getResidualPlot,7.5,5,4,1,7.5,2,6,3,9
2746,LRUCache.readPage,8,2,1,3,9,4,5,7,6
2761,SM2Engine.encrypt,9,6,5,8,3,2,7,4,1
2765,VelocityUtil.newEngine,7,6,5,2,3,1,9,4,8
2766,XMeans.splitCluster,9,8,6.5,6.5,5,3,2,4,1
2768,MetaClassImpl.initialize,8.5,5,2,3.5,8.5,3.5,6,7,1
2769,LegacyMatchingPointConfigPatternMatcher.getMatchingPoint,8,3,5,2,4,6,9,7,1
2775,AbstractTransformBuilder.readAttributeDouble2,7,2,1,3,9,8,4,6,5
2789,Optimizer.createPreOptimizedPlan,8.5,3,6.5,8.5,6.5,1,4,5,2
2800,BasicModelUtils.similarity,9,8,6.5,4.5,6.5,3,4.5,1,2
2801,ExtensionLoader.removeProxyServer,9,8,5,5,7,1.5,3,5,1.5
2805,TypeTransformers.selectNumberTransformer,9,6,3,4.5,7,2,8,1,4.5
2807,TrackerMeanShiftComaniciu2003.distanceHistogram,9,1,4.5,2,7.5,3,6,7.5,4.5
2819,CmsSliderBar.setColorSelectMode,9,3,2,1,7,8,6,4,5
2827,MiniMax.findPrototype,7,2,6,5,9,1,8,3,4
2832,CmsJspTagContainer.shouldShowInContext,9,8,5,2,6,4,7,3,1
2847,TdsInit.destroy,9,7,4,5,8,2,6,1,3
2849,Sql.newInstance,4,1,2,3,9,8,6,5,7
2861,AbstractFtp.exist,9,3,4,6,5,7,2,1,8
2862,ProcessGroovyMethods.waitForProcessOutput,9,8,6,5,7,4,3,1,2
2866,URI.getEscapedAboveHierPath,9,5,6,3,7,4,8,2,1
2879,DefaultGroovyMethods.dump,9,7,6,2,3,5,8,4,1
2887,CmsFlexBucketConfiguration.getBucketSet,8,1.5,1.5,5.5,9,4,7,5.5,3
2898,AbstractCacheConfig.addCacheEntryListenerConfiguration,9,5,3,7,8,2,4,6,1
2906,ClusterJoinManager.sendMasterAnswer,9,3,7,6,8,5,4,2,1
2915,AbstractHazelcastCacheManager.getCacheNamePrefix,9,7,5.5,3,5.5,4,2,8,1
2917,KerasCropping2D.getOutputType,9,8,4.5,6,1,4.5,7,2,3
2931,QueueContainer.offer,9,6,7,4,8,3,5,1,2
2945,VisOdomMonoPlaneInfinity.changeCurrToReference,9,2,5,6,3,7,8,1,4
2956,GIntegralImageOps.transform,9,5,4,3,8,2,6,7,1
2964,Configuration.convertFile,9,4,3,1,7,2,8,5.5,5.5
2965,ThreddsMetadata.add,9,1,6,7,8,3,5,4,2
2966,Normalization.zeromeanUnitVariance,9,8,5,7,3.5,6,2,3.5,1
2968,JobConf.getMemoryForMapTask,7,2,1,3,9,4,8,5,6
2983,DefaultGroovyMethodsSupport.tryClose,4,6.5,2,1,8,3,6.5,9,5
2990,DefaultGroovyMethodsSupport.sameType,9,8,2,3,7,1,5.5,4,5.5
2992,ShutdownHookUtil.addShutdownHookThread,9,3,1.5,1.5,5.5,4,8,7,5.5
2993,LinuxTaskController.getTaskCacheDirectory,9,3,2,1,4,5,7.5,6,7.5
2995,URI.setRawFragment,8,6,4,5,3,7,9,1.5,1.5
3003,DFSInputStream.seekToNewSource,8,1,2,3,9,7,5,6,4
3027,Normalizer2Impl.decomposeShort,9,7,1,8,5,2,6,4,3
3031,GeneralUtils.convertASTToSource,9,8,6,2,7,3,1,4,5
3047,RBBIDataWrapper.intToString,2,1,4,3,5,7.5,9,7.5,6
3055,StaticTypeCheckingVisitor.getInferredReturnTypeFromWithClosureArgument,2,1,3,8,9,6.5,6.5,4,5
3058,LocalMapStatsProvider.addReplicaStatsOf,9,5,1.5,6,4,1.5,7,8,3
3086,BinaryHashTable.putBuildRow,9,7,5.5,1,8,3,4,5.5,2
3087,DebugAminoAcid.setAtom,4,3,1,2,5,7,9,6,8
3102,CmsSiteManagerImpl.addSiteInternally,9,7.5,2,5,3,4,7.5,6,1
3104,CoordsSet.findDependent,6,5,4,1,9,2,8,3,7
3112,RaftNodeImpl.installSnapshot,9,1,4,2,5,8,6,3,7
3113,FastMultidimensionalScalingTransform.updateEigenvector,9,1,3,2,6,4,7.5,5,7.5
3127,JsonArray.iterator,5,2.5,1,2.5,7,4,9,6,8
3130,Config.findReliableTopicConfig,7,6,1.5,4,9,5,8,1.5,3
3139,ContextUserAuthManager.getUserById,4,2,1,3,9,7.5,5,7.5,6
3153,HttpMethodBase.getHostConfiguration,9,1,2,8,7,4,5,3,6
3157,ClientConfig.setProxyFactoryConfigs,7,4.5,6,1,2,9,8,4.5,3
3160,StructureDiagramGenerator.generateExperimentalCoordinates,9,5,4,2,8,3,1,6,7
3162,AvatarShell.isServiceSpecified,7,3,1,5,8,4,6,9,2
3186,FactoryThresholdBinary.localSauvola,9,6.5,5,4,6.5,3,8,1,2
3218,MetaClassImpl.filterPropertyMethod,9,4,7,6,8,2,5,1,3
3230,SimpleSVGViewer.saveCurrentPlot,9,7.5,1,3,2,6,7.5,4,5
3282,GridDatasetInv.open,9,8,3,4,6,7,1.5,1.5,5
3312,CompilerConfiguration.isGroovydocEnabled,9,7,5,8,2.5,2.5,6,4,1
3315,PackageTreeWriter.getNavLinkPrevious,9,5.5,4,7,5.5,2,1,8,3
3320,FactoryFiducial.squareBinary,9,6,8,3,7,2,5,4,1
3324,JShellTool.optionCompletion,7,2,4,3,1,9,5,8,6
3326,Checker.visitAuthor,9,3,4,1,5.5,5.5,7.5,2,7.5
3342,TreeTableModelAbstract.fireTreeNodesChanged,8,6,7,4,5,2,9,1,3
3356,EventSerializer.toBuffer,9,3,2,5,7.5,4,6,1,7.5
3370,AddOn.setLoadedPscanrules,9,2,4.5,1,6,3,4.5,8,7
3382,ChildList.modifiableDelegate,9,2,3,1,8,6,5,4,7
3392,SimpleUnit.getValue,9,2,3,1,5,4,8,7,6
3411,CyclicCarbohydrateRecognition.checkHaworthAlignment,9,7,8,6,5,1,2,4,3
3436,DistCp.checkSrcPath,9,6,8,7,4,1,3,5,2
3445,EntryListenerAdaptors.createListenerAdapter,9,8,6,7,3,5,2,4,1
3450,Dap2Lex.yyerror,9,6,7,5,2,8,4,1,3
3468,Environment.runCommand,3,4,1,2,9,7,8,5,6
3470,JShellTool.getResourceString,7,2,1,3,9,4,6,8,5
3473,DOC.run,9,5,7,6,2,8,4,3,1
3474,FileInputFormat.extractFileExtension,3,2,1,4,9,7,8,5,6
3480,SVGHyperCube.drawFilled,9,6,7,4,8,2,3,5,1
3483,Utilities.isJavaIdentifier,6,4,3,5,9,1,8,7,2
3488,CmsSecurityManager.readStaticExportPublishedResourceParameters,8,4,1,5,3,6,9,2,7
3516,EvaluationBinary.averageFalseAlarmRate,8,7,6,1,5,4,9,3,2
3521,CmsHelpTemplateBean.displayHead,9,4,8,1,6.5,2,6.5,5,3
3534,BalancePlan.scheduleTask,9,4,6.5,1,6.5,8,5,2,3
3536,ZipUtil.unzipFileBytes,6,7,1,4,3,9,8,5,2
3562,Log.initWriters,9,8,7,4,5,3,6,1.5,1.5
3569,AbstractAggarwalYuOutlier.buildRanges,9,2,3,6,8,5,1,7,4
3581,DoubleBondElementEncoderFactory.create,9,5,4,2,8,3,7,6,1
3586,AngTanLinearSplit.computeOverlap,9,6,7,3.5,8,2,5,3.5,1
3589,Encoding.base64encode,9,7,5,6,8,2,3.5,1,3.5
3592,ActionCoordinator.addActionSourceListener,9,4,5,2,8,1,6,7,3
3631,PNCounterProxy.updateObservedReplicaTimestamps,8,1,7,2,5,4,3,9,6
3648,HttpPostCommandProcessor.decodeParams,4,3,1,2,7,5,8,6,9
3650,Field.sendEvent,7.5,1,4,3,7.5,2,6,9,5
3656,CmsSimpleMail.send,9,2,3,6,8,1,7,4.5,4.5
3657,XmlUtil.writeObjectAsXml,9,4,5,1,6,3,8,2,7
3660,JobLeaderService.stop,9,8,2,5,4,3,7,6,1
3680,JobMonitor.runningJobsCount,9,5,2.5,1,8,2.5,7,4,6
3685,BufferedInputStream.read1,9,4,6.5,5,6.5,3,8,1,2
3709,TimerService.unregisterTimeout,6,1,2,4,7,3,8,9,5
3716,BidiRun.copyFrom,3,2,1,4,7,5,6,9,8
3721,VecmathUtil.newVectorInLargestGap,9,4,1,2,6,3,7,8,5
3724,Subspace.joinLastDimensions,9,1,2,3,8,4,5,7,6
3735,EquivalentClassPartitioner.prepareNode,9,8,3,5,6,7,1.5,4,1.5
3738,RuleBasedNumberFormat.readObject,9,8,6,5,4,1,2.5,2.5,7
3743,SessionSchedulable.adjustLocalityRequirement,8,5,7,2,6,1,4,9,3
3745,VisualizeImageData.regionsColor,9,7,6,4,8,2,5,3,1
3749,DescribeDenseHogFastAlg.computeDescriptor,9,4.5,1,8,6,4.5,3,7,2
3750,ClassWriterImpl.getNavLinkNext,9,7,3,2,8,4,1,5,6
3769,CmsImportVersion10.importAccessControlEntries,9,5,1,2,3.5,3.5,6,7,8
3783,Level2Record.getGateCount,4,5,3,1,9,2,8,7,6
3791,GeneralizedLogisticDistribution.logpdf,9,8,5,6,7,2,3.5,3.5,1
3803,TimeUtil.timeInMsOrOneIfResultIsZero,4.5,1,2,3,8,4.5,6,7,9
3812,ParosTableSession.insert,8,7,2.5,5,9,1,6,4,2.5
3833,Aggregation.addDatasetScan,6,5,2,7,8,3,4,1,9
3841,SilentChemObjectBuilder.getSystemProp,7,6,5,4,1,9,8,2,3
3854,CASH.initHeap,9,7,5,6,8,3,1,4,2
3862,MMFF94BasedParameterSetReader.readParameterSets,9,7,8,2.5,5.5,2.5,5.5,4,1
3895,FastDatePrinter.parsePattern,8.5,3,1,5,6,4,8.5,2,7
3897,LongValueArray.compareTo,9,3,1,2,8,4,5,7,6
3929,StandardScaler.transform,9,7,1,5.5,8,3,5.5,4,2
3935,CmsUserQueryBuilder.getSortExpression,8,2,6,1,7,5,9,3,4
3942,RestApiFilter.getEndpointGroup,6,5,4,2,9,3,8,7,1
3946,CmsDisplayResource.getHistoricalResourceContent,6,3,1,2,8,7,9,4,5
3962,TypeExtractionUtils.checkAndExtractLambda,7,2,4,3,9,1,6,8,5
3967,ClassNode.getDeclaredConstructor,5,2,1,3,8,4,6,7,9
3973,Sudoku.main,9,1,8,6.5,5,2,6.5,3,4
3980,ClientConfig.findFlakeIdGeneratorConfig,9,6,8,2,7,4,5,1,3
3988,ConvolutionUtils.cnn1dMaskReduction,9,2,4,1,7,3,8,6,5
3993,JavaTokenizer.lexError,9,7.5,6,7.5,2,4,3,5,1
4004,SocketOutputStream.transferToFully,9,5,8,3,6.5,6.5,4,1,2
4007,MongoDS.buildMongoClientOptions,9,5,1,3,6,2,8,4,7
4027,ConfigSiftScaleSpace.createPaper,4,6,5,1,3,8,9,7,2
4028,SqlUtil.clobToStr,7,6,4,5,8,1.5,9,1.5,3
4031,JarHandlerUtils.tokenizeArguments,9,4.5,1,2,7,3,6,8,4.5
4032,SIS.info,9,2,3,1,8,4,6,7,5
4038,FileCacheARC.showTracking,9,5,2,7,6,3,8,1,4
4045,QueryCapability.appendErrorMessage,3,1,7,2,9,4,6,8,5
4081,BookKeeperJournalMetadataManager.verifyEditLogLedgerMetadata,9,2,1,3,6,5,8,7,4
4084,Text.charAt,9,7,8,6,3,4,2,1,5
4085,SessionNotificationCtx.write,8.5,4,5,1,7,3,8.5,2,6
4087,JournalSet.checkJournals,9,3,4,1,7,2,8,5,6
4099,CounterMap.totalSize,9,6,1,3,8,7,5,4,2
4111,ChemFileManipulator.getAllChemModels,3,2,4,1,6.5,8,9,6.5,5
4118,ChiDistribution.pdf,9,3,4,1,8,2,5,6,7
4144,VideoDisplayActivity.hideProgressDialog,9,3,1,2,8,4,5,6,7
4146,NioThread.rebuildSelector,9,6,5,7,8,2,4,3,1
4154,BinaryString.splitByWholeSeparatorPreserveAllTokens,9,7,5,6,1,4,2,8,3
4161,CmsSitemapController.getInheritedPropertyObject,6,1,4,3,8.5,2,5,8.5,7
4163,Simple1DOFCamera.setRotationZ,9,5,2,1,8,3,4,7,6
4193,CudaZeroHandler.free,8.5,2,4,3,7,5,6,8.5,1
4199,ObjectIdentifier.pack7Oid,6,3,2,4,9,1,7,5,8
4215,AllClassesFrameWriter.addAllClasses,8,3.5,5,3.5,9,1,6,2,7
4222,JShellTool.nonEmptyStream,4,3,1,2,6,5,7,8,9
4225,RaftNodeImpl.applyLogEntry,9,6.5,4,5,6.5,3,1,8,2
4231,ScriptBytecodeAdapter.setPropertyOnSuper,8,5,6.5,1,9,6.5,2,3,4
4239,MultiViewOps.rectifyHToAbsoluteQuadratic,2.5,4,1,2.5,9,5,8,6.5,6.5
4255,DefaultGroovyMethods.asType,9,7,5,8,6,3,4,2,1
4258,OutputTabPanel.checkDependencies,9,8,4,5,6,3,2,7,1
4284,DetectDescribeAssociate.putIntoSrcList,9,5.5,8,4,7,2,1,5.5,3
4294,CmsPrincipalSelectConnector.setPrincipal,7,1,2,4,5,8,6,3,9
4300,CDKToBeam.toBeamGraph,8,6,7,1,5,3.5,9,3.5,2
4325,AWTFontManager.setFontForZoom,6,4,3,1,8,2,5,9,7
4326,TrimmedEstimator.toPrimitiveDoubleArray,6,4,5,3,9,8,7,2,1
4342,Scanner.toCharset,9,2,3,4,5,8,7,1,6
4343,LocalStore.zipCompress,7.5,1,2,3,5,4,9,7.5,6
4348,ClassPathResource.getTempFileFromArchive,9,7,5,6,8,1,4,3,2
4358,MCMutualAuthConfig.setProperty,8,4,5,6.5,9,2,3,6.5,1
4364,MkCoPTree.initializeCapacities,8,9,7,5.5,4,3,1,2,5.5
4365,BackgroundGmmCommon.checkBackground,7,2.5,2.5,1,8,4,5,6,9
4378,FSNamesystem.renewLease,9,6,2.5,1,4,5,8,2.5,7
4387,MessageFormat.setLocale,8,5,3,6,1,9,2,7,4
4391,CmsListManager.editListConfiguration,9,4,5,3,8,1,7,2,6
4393,N3iosp.readData,9,7,6,4,8,1,2.5,5,2.5
4404,EdgeIntensityPolygon.computeEdge,9,3,6,5,7,2,4,8,1
4424,ScanPanel.scanNode,9,7,1,4,8,3,6,5,2
4425,RestServerEndpoint.checkAndCreateUploadDir,6,3,1,5,4,2,8,9,7
4436,QueryCacheEndToEndProvider.tryCreateQueryCache,9,8,3,5,6,2,7,4,1
4445,ConstructorWriterImpl.addSummaryType,9,6.5,5,8,4,1,3,6.5,2
4465,CollUtil.reverse,9,2,3,1,6,5,4,7,8
4474,FileTypeUtil.getType,9,3,5,1,8,2,6,7,4
4490,DocEnv.lookupPackage,6.5,9,8,5,6.5,4,2,3,1
4493,X509CertSelector.setExtendedKeyUsage,9,1,7,3,8,5.5,5.5,2,4
4500,BroxWarpingSpacial.computeDivUVD,8,4,1,3,6,2,7,9,5
4505,TypeExtractionUtils.hasSuperclass,6,4,2,3,8,1,9,7,5
4513,ResourceGroovyMethods.eachFileMatch,5,6,4,2,7,3,9,8,1
4516,EvaluationBinary.stats,7,6,5,4,8,2,9,3,1
4519,CoronaTaskTracker.createRunningJob,9,5,3,1,6,7,8,2,4
4525,Signature.sign,9,2,3,1,8,6,5,7,4
4539,Types.lookup,9,3.5,3.5,5,7,1,6,8,2
4544,StaticTypeCheckingSupport.typeCheckMethodArgumentWithGenerics,2.5,4,1,6,9,7,8,5,2.5
4559,LearnTool.addTerm,9,3,1,2,7,5,8,6,4
4566,SquaredEuclideanDistanceFunction.distance,9,6,4,2,8,1,7,5,3
4578,HtmlDocletWriter.getNavLinkNext,7,1,2.5,4,8,6,2.5,5,9
4599,AbstractAggregator.extract,9,2,3,6,8,1,5,4,7
4607,BundleReader.readMeta,9,5,3.5,6,7,3.5,2,8,1
4608,CmsPriorityDateResourceComparator.init,9,3.5,8,6,3.5,5,7,1,2
4617,IndyGuardsFiltersAndSignatures.invokeGroovyObjectInvoker,7,6,4,2,5,3,8,1,9
4632,IntegerDBIDArrayQuickSort.compare,6,3,1,2,5,7,9,8,4
4642,Nidsheader.getProductLevel,3,1,4,2,7.5,5.5,5.5,9,7.5
4649,CmsQueuedTable.getMenuEntries,9,3,1,2,8,4.5,6,4.5,7
4656,HOSECodeGenerator.calculateNodeScores,9,2,1,3,4,5,7,6,8
4665,DataXceiver.updateCurrentThreadName,7,3,2,1,4,5,6,8,9
4671,ReflectionUtils.copy,9,2.5,4,2.5,8,1,6,6,6
4672,FSNamesystem.updatePipeline,9,7,8,6,4,5,2,3,1
4680,MetaClassRegistryImpl.installMetaClassCreationHandle,9,7,4.5,4.5,6,1,8,3,2
4704,CmsStaticExportExportRule.getRelatedResources,9,6.5,5,1,6.5,4,8,2,3
4708,RendererModel.setExternalSelectedPart,9,8,7,6,4,1,3,2,5
4720,CmsWorkplaceAppManager.getEditorForResource,8,4,3,5.5,9,1,7,2,5.5
4722,URLUtil.decode,7,3,9,4,2,6,8,1,5
4726,InvDatasetImpl.resolve,6.5,1,3,2,4,6.5,8.5,5,8.5
4729,SoapClient.setParam,5,3,6,8,7,4,9,1,2
4730,ParosTableContext.insert,7,5,6,3,9,1,8,4,2
4734,GenericsUtils.findParameterizedTypeFromCache,6,5,2.5,7,4,1,9,8,2.5
4737,TagletWriterImpl.simpleTagOutput,4.5,2,4.5,3,9,6,7,1,8
4750,PartialVAFile.calculateFullApproximation,9,4,6.5,2,8,3,6.5,5,1
4779,ImageLibrary.newImage,9,4,7,1,8,3,2,6,5
4795,Sql.setObject,9,1,4.5,2,4.5,3,7,6,8
4797,CmsContentEditor.openInlineEditor,9,8,2,5,6.5,3,4,1,6.5
4833,UnknownDictionaryEntryParser.parse,5,1,4,6,9,2,8,3,7
4836,BigDecimal.divideAndRoundByTenPow,9,6,6,6,8,1,3,2,4
4838,Scheduler.schedule,9,3,7,5,4,2,8,1,6
4871,ClassFile.internalize,9,2,3,1,8,5,6,4,7
4874,LoaderConfiguration.addClassPath,9,4.5,8,3,7,1,6,2,4.5
4899,AdaGrad.getGradient,9,4,2,5,6,1,3,8,7
4900,Types.returnTypeSubstitutable,9,8,3,6,6,4,1,6,2
4907,InvCatalogRef.release,9,4,2,5,6,1,7,8,3
4909,BondTools.isTetrahedral,9,7,1,5,3,8,4,6,2
4920,GroovyScriptEngineImpl.invokeImpl,9,2,8,1,4,3,6,7,5
4921,AbstractDoclet.generateClassFiles,4,1.5,3,1.5,6,9,5,8,7
4924,MultiCameraToEquirectangular.render,9,8,6,4,7,2.5,1,2.5,5
4927,XSplitter.removeFromMBR,8,3,2,4,7,6,9,5,1
4929,Currency.getNumericCode,9,1,3,2,5,6,7,4,8
4942,BitsUtil.intersect,9,2,5,4,3,6,8,1,7
4972,SnapToEllipseEdge.change,9,2,1,4,8,3,6,7,5
4973,ShowImages.showWindow,6.5,6.5,5,3,4,1,8,9,2
